country,inflation_rate,exports_gdp_share,gdp_growth_rate,gdp_per_capita,adult_literacy_rate,primary_school_enrolment_rate,education_expenditure_gdp_share,measles_immunisation_rate,health_expenditure_gdp_share,income_inequality,unemployment_rate,life_expectancy,total_population
Afghanistan,13.7121023720065,18.3800424016375,-6.24017199240269,357.261152798144,,,,56.0,23.0881691,,14.1,65.617,40578842.0
Albania,6.72520271530048,37.1970818190154,4.82669611912765,6846.42669381643,98.5,96.3712310791016,2.74432992935181,86.0,6.19368076,,10.137,78.769,2777689.0
Algeria,9.26551551551553,30.8089785470304,3.60000000094915,4961.55257664733,,108.343933105469,4.74924659729004,79.0,3.6230433,,12.346,76.129,45477389.0
American Samoa,,46.9575200918485,1.73501577287065,18017.4589383973,,,,,,,,72.752,48342.0
Andorra,,,9.56461225648184,42414.0590092117,,90.147346496582,2.64728999137878,98.0,7.53678846,,,84.016,79705.0
Angola,21.3552901320822,44.391642097512,3.04472652391918,2929.69445467272,72.4000015258789,86.7067961582083,2.3321259021759,37.0,2.92737579,,14.602,64.246,35635029.0
Antigua and Barbuda,7.53107834634288,54.7237649635992,9.10780623385958,20105.1989085164,,,3.6477484703064,99.0,5.7299943,,,77.483,92840.0
Argentina,,16.248014443903,5.26987967384072,13935.6811110049,,108.722412109375,4.80521011352539,85.0,9.86305332,40.7,6.805,75.806,45407904.0
Armenia,8.64091108973855,50.2249804603907,12.5999999997766,6571.97445545099,,92.9023818969727,2.4918999671936,95.0,9.96212864,27.9,13.379,74.7658536585366,2969200.0
Aruba,,87.5702803628607,8.51791810517545,30559.5335346581,,104.667572021484,,,,,,76.226,107310.0
Australia,6.59409671341846,25.5315880289865,4.24238555336139,64997.0136536475,,99.1329879760742,5.20677661895752,96.0,9.92687893,,3.728,83.2,26014399.0
Austria,8.5468699318845,61.9626734104832,5.27789448538658,52176.6649141178,,100.77562713623,4.77447128295898,95.0,11.15729332,30.9,4.992,81.2951219512195,9041851.0
Azerbaijan,13.8522590144267,59.9868480668076,4.71468037857544,7770.594223351,,99.8082962036133,3.04690003395081,93.0,3.97840643,,5.65,74.125,10141756.0
"Bahamas, The",5.60540633583044,37.1589142824247,10.8774550145968,34957.1613279737,,,2.83657622337341,80.0,7.21692038,,9.272,74.491,397538.0
Bahrain,3.62574104304482,95.9613654006004,6.18016125475185,30470.5219276023,98.0,92.3441925048828,1.98779726028442,99.0,3.83745313,,1.326,80.992,1524693.0
Bangladesh,7.69695437176898,12.8822264348985,7.09982877575158,2716.48592780431,,117.659457498739,1.71183669567108,97.0,2.39038587,33.4,4.593,74.265,169384897.0
Barbados,,,17.8328630251327,22164.0260273876,,95.5793075561523,4.41624021530151,85.0,6.29389191,,8.365,75.676,282318.0
Belarus,15.209675274081,63.0511868938428,-4.65839591573585,7994.64806074889,,94.7119674682617,4.62823009490967,98.0,6.65919876,,3.574,74.1033658536585,9228071.0
Belgium,9.597511728725,95.2395955015917,4.2593607365269,50822.2518538518,,102.176986694336,,96.0,10.76192474,26.4,5.57,81.7487804878049,11680210.0
Belize,6.27689319447544,53.2722099272842,9.65297772389758,7068.45478269722,,99.9364624023438,4.59650993347168,81.0,4.23173904,,8.763,72.19,402733.0
Benin,1.35077863583527,20.8153300474458,6.25294705373625,1266.42710981159,47.0999984741211,113.04891204834,3.37785911560059,52.0,2.67981386,,1.685,60.475,13759501.0
Bermuda,,50.2988488872967,6.47622571186707,121613.939983629,,85.4245880861851,1.92221343517303,,,,,82.062,64749.0
Bhutan,5.6391667139637,25.4988399587876,5.21386783786224,3711.32767981591,72.0999984741211,106.082127409623,7.46982002258301,97.0,4.38545895,28.5,5.947,72.754,780914.0
Bolivia,1.74632872945969,32.6115548527874,3.60568042633635,3643.92826984604,,99.5986480712891,7.57550001144409,69.0,8.43142891,41.2,3.552,67.434,12077154.0
Bosnia and Herzegovina,14.0208440826771,48.307102350834,4.22681101095546,7655.59421024383,98.3000030517578,87.8222198486328,,58.0,8.71644783,,12.657,76.777,3204802.0
Botswana,11.665567478802,43.5436117786863,5.48601706446772,8328.70905682185,,96.9256945502565,,90.0,5.72838593,,23.615,68.749,2439892.0
Brazil,9.28010608956873,19.6307650034371,3.01669435393015,9281.33334441234,94.6900024414062,103.970321655273,,81.0,9.14277458,52.0,9.231,74.872,210306415.0
British Virgin Islands,,,,,,101.18147277832,2.48401999473572,,,,,77.177,38319.0
Brunei Darussalam,3.68225030604216,86.3893570088471,-1.62833154022366,36632.9280421411,,94.5624818507405,,97.0,1.81768215,,5.191,72.917,455370.0
Bulgaria,15.3252589264366,69.9770907029936,4.03877758301681,13999.6719197289,,95.8885192871094,,91.0,7.66357517,38.2,4.268,74.1609756097561,6465097.0
Burkina Faso,14.2902354303358,31.744842886064,1.4972397409897,836.118304593682,34.4900016784668,82.3567962646484,5.27651214599609,91.0,6.77182007,,5.389,60.7,22509038.0
Burundi,18.8008786664945,4.9710985076333,1.84899943948213,250.634225368744,75.5400009155273,,4.82104730606079,89.0,8.39522648,,0.915,62.882,13321097.0
Cabo Verde,7.93092925430087,38.6842542170134,15.843675684642,4323.31362032709,91.0,,4.67288541793823,95.0,6.67440224,,12.246,75.907,519741.0
Cambodia,5.34370264895437,72.2070606780988,5.12990110767267,2325.03050040841,83.7799987792969,109.959079096814,2.88349270820618,83.0,4.71089554,,0.231,70.528,17201724.0
Cameroon,6.24767713343861,19.321813317909,3.7367840056412,1604.87726954895,,110.715507507324,2.61768436431885,68.0,4.47835922,,3.653,62.443,27632771.0
Canada,6.80280115341613,33.9431906669379,4.18903628100851,56256.8007264015,,96.0115737915039,4.13957166671753,92.0,11.23432541,,5.279,81.2453658536585,38935934.0
Cayman Islands,,,5.15632954248333,92202.1478031576,,87.6824264526367,1.48894000053406,,,,,79.984,71591.0
Central African Republic,5.58316735183247,12.3004999986493,0.453901881507008,467.359825026238,,,2.11509132385254,41.0,9.95509052,,5.956,18.818,5098039.0
Chad,5.78802687843616,31.7353441144244,12.8966164300082,966.036468278568,27.2800006866455,90.3641204833984,2.53867292404175,54.0,4.52549791,37.4,1.096,54.528,18455316.0
Channel Islands,,,5.34196140375869,67627.3084478235,,,,,,,6.147,81.0,167215.0
Chile,11.643866711056,35.6066282723137,2.15399356192458,15405.6165774073,97.1600036621094,100.192268371582,,94.0,10.06172848,43.0,8.249,79.176,19553036.0
China,1.97357555739051,20.297731691419,3.1341888719577,12970.6056414327,,100.171730041504,4.02356958389282,99.0,5.36948681,,4.98,78.202,1412175000.0
Colombia,10.1772313546166,20.3883679938331,7.32827729427979,6680.44506854481,,104.830467224121,,88.0,7.57361269,54.8,10.547,76.508,51737944.0
Comoros,,12.9470275117016,2.81839506562636,1533.87755332151,61.7099990844727,,2.43164420127869,71.0,8.3803854,,3.816,66.481,834188.0
"Congo, Dem. Rep.",,45.4979498732673,8.92444785079518,642.612267148918,80.5400009155273,,3.002521276474,56.0,3.78614616,,4.522,60.979,102396968.0
"Congo, Rep.",3.04344334698478,63.8121468562925,1.47535613247133,2620.83804304713,,,2.95159220695496,65.0,2.19224548,,20.108,65.0,6035104.0
Costa Rica,8.27477490232654,42.4051961143561,4.55149177958398,13625.9008491478,,107.611297607422,,90.0,7.18368196,47.2,11.325,79.316,5081765.0
Cote d'Ivoire,5.27616724262846,24.2673603262295,6.39988362720531,2333.37128334477,,94.6489410400391,3.51197004318237,62.0,3.6424129,,2.306,61.562,30395002.0
Croatia,10.7805806758686,59.4969715136887,7.28793643206565,18466.0955472648,,100.527976989746,,90.0,7.21545315,30.0,6.96,77.5756097560976,3855641.0
Cuba,,40.4896279061686,1.77504879825767,,,99.8729629516602,,99.0,11.78683186,,1.82,77.629,11059820.0
Curacao,,,7.92300000000002,20501.7522782219,,,,,,,,76.729,149996.0
Cyprus,8.39548297993334,105.621766109694,7.20486780743879,33894.44921875,,97.0016403198242,,84.0,8.87060547,31.5,6.806,80.434,1331370.0
Czechia,15.1001651468371,72.4094281428088,2.8471706583814,28282.2236715857,,100.97534942627,,97.0,8.79904652,25.9,2.224,78.9292682926829,10672118.0
Denmark,7.6965669988926,70.5484698289144,1.54017307357893,68091.3191138669,,100.244453430176,5.29643440246582,95.0,9.4758625,29.3,4.434,81.3048780487805,5903037.0
Djibouti,5.17980847967061,159.250735528808,5.16653702854374,3133.25779772463,,,,50.0,2.49675012,,26.307,65.54,1137096.0
Dominica,2.88490226829353,,10.3968076616121,9323.66089490562,,91.8765411376953,6.04314231872559,87.0,6.31969738,,,71.081,66826.0
Dominican Republic,8.81109209279587,22.0261866198241,5.23795652902595,10104.2449349081,95.5,100.492286682129,3.94027137756348,91.0,4.57254791,37.0,5.504,74.211,11230734.0
Ecuador,3.46616972213077,30.9252456928287,5.86842354862311,6515.58528418336,94.0,99.5941925048828,3.59897994995117,74.0,7.53457022,45.5,3.761,76.577,17823897.0
"Egypt, Arab Rep.",13.8956609775178,15.0870258208479,6.58784560886967,4233.30783744856,74.5,91.5901794433594,,96.0,4.70438385,,7.344,71.01,112618250.0
El Salvador,7.19861615609867,32.433483149734,2.95461516549889,5074.60210221806,,89.3291473388672,3.25634002685547,80.0,9.84079742,38.8,2.999,71.969,6280319.0
Equatorial Guinea,4.78671704710803,52.9670852025114,3.22350831658598,7589.29964909381,,,,49.0,2.91350007,38.5,8.455,63.355,1803545.0
Eritrea,,,,,,82.9708480834961,,93.0,3.87447667,,5.695,67.789,3409447.0
Estonia,19.3982634080616,86.6638366613108,0.0604305165130938,28451.1477825175,,99.2638168334961,,89.0,6.98701143,32.3,5.571,77.8439024390244,1348840.0
Eswatini,,44.5469766780666,1.1195906677553,3889.65276959161,90.7470169067383,,5.69260597229004,83.0,7.2226615,,35.359,63.028,1218917.0
Ethiopia,33.8898797100898,8.24396037798902,5.32175988403378,1011.07332413462,,85.5312668839719,3.73649501800537,55.0,2.85274577,,3.409,66.897,125384287.0
Faroe Islands,,62.2097192780871,3.55602380418398,66139.3809716876,,,,,,,,82.9439024390244,53927.0
Fiji,4.32011856243064,48.1741153774177,19.7927266886699,5405.03006162671,,108.04511770038,3.93839550018311,99.0,4.00910091,,4.446,67.148,919422.0
Finland,7.12350773301402,46.2847802806846,0.763041912763526,50440.560224974,,98.6190185546875,,94.0,9.6589222,27.9,6.719,81.1878048780488,5556106.0
France,5.22236748369735,36.5036688904078,2.57084047567793,41082.8119320747,,102.720581054688,,95.0,11.8819046,31.2,7.308,82.1292682926829,68065015.0
French Polynesia,,21.096822594212,4.46637969963146,20738.6499971661,,,,,,,11.888,83.859,280378.0
Gabon,4.23124798274579,67.5787331931406,3.03761449525692,8409.20741452279,85.6900024414062,,2.20773649215698,52.0,2.85591531,,20.399,67.713,2430747.0
"Gambia, The",11.5131198380505,8.56985063519528,5.49299825508946,836.244875582631,58.6699981689453,92.3203884576405,2.74282312393188,74.0,3.41435836,,6.076,64.859,2636470.0
Georgia,11.8981654203198,52.4788792204227,10.9585321385624,6729.84659930283,100.0,104.548118591309,3.75498008728027,90.0,7.25569582,33.5,11.647,74.141,3712502.0
Germany,6.87257438551097,45.7805177232318,1.36973104612758,49686.1154582583,,100.218132019043,4.54389047622681,97.0,12.60513115,,3.12,80.6080487804878,83797985.0
Ghana,31.2558951049016,34.6640435533587,3.80484980952164,2229.89122647803,,96.5331573486328,2.90529441833496,95.0,3.6993649,,3.084,65.246,33149152.0
Gibraltar,,,,,,127.165351867676,,,,,,83.517,37609.0
Greece,9.64525981280632,49.019884781247,5.74364902526337,20971.8349258283,,101.192031860352,,97.0,8.49983692,33.4,12.426,80.7878048780488,10436882.0
Greenland,,40.7900871498763,2.00455580865604,55635.0006491223,,,,,,,,71.5404878048781,56661.0
Grenada,2.5805392590792,,7.32074061551874,10535.4588771454,,,3.93536496162415,76.0,4.94846392,,,75.151,116913.0
Guam,,7.88712011577424,5.09986426216793,41833.1517132825,,,,,,,5.454,77.102,165180.0
Guatemala,6.88512823344287,18.9455010118901,4.18451808712605,5358.70127494396,83.0311737060547,103.906227111816,3.22940993309021,86.0,7.44098806,,3.051,71.206,17847877.0
Guinea,10.4930409984424,45.4186514317354,3.97240784200721,1416.59612011764,,,1.98561489582062,47.0,3.95847702,,5.267,60.432,14055137.0
Guinea-Bissau,9.39075933985203,14.8894039340798,5.58513728011474,873.437861875428,53.9000015258789,,,75.0,8.11358356,,2.666,63.605,2105529.0
Guyana,6.11505550109935,,63.3346343654855,17913.4928066879,90.0299987792969,,,95.0,3.00636959,,12.013,69.888,821637.0
Haiti,33.98393194707,7.23876011586942,-1.68198396897978,1760.62635668777,,,1.27466893196106,65.0,3.20848918,,14.635,63.948,11503606.0
Honduras,9.08963911525025,42.4391817948962,4.14356194013767,3003.28996826399,,85.8662414550781,4.44157886505127,77.0,8.28209972,,8.774,72.715,10463872.0
"Hong Kong SAR, China",1.88136707196853,194.486518007141,-3.68375141698573,48825.8441873536,,101.081039428711,3.72866010665894,,,,4.318,83.6609756097561,7346100.0
Hungary,14.6081439492433,89.5031301401611,4.27034755162904,18483.6366867035,,103.47647857666,,99.0,6.68981791,30.2,3.609,75.8682926829268,9605074.0
Iceland,8.3087551155892,45.8077781441652,8.97897085175497,75121.0152280628,,98.5116424560547,7.13966512680054,91.0,9.28593922,,3.789,82.119512195122,382003.0
India,6.69903414079852,23.2515412045298,7.60936497768895,2347.44829434623,76.0,111.084455603874,4.12072849273682,95.0,3.3058846,25.5,4.822,71.698,1425423212.0
Indonesia,4.20946383402165,24.5029116862832,5.30719722664799,4730.83484836107,,100.64499288828,0.863943338394165,92.0,2.69394851,35.5,3.462,70.925,278830529.0
"Iran, Islamic Rep.",43.4884641742179,26.8158865548081,3.77663140152906,4405.09291519791,88.9599990844727,,3.06036734580994,99.0,5.34889174,34.8,9.085,76.799,89524246.0
Iraq,4.99476596381044,44.5259462145341,7.95904804992662,6520.73154560584,,,,97.0,4.29332495,,15.511,72.037,44070551.0
Ireland,7.82945736434105,136.684440145681,8.61950345618772,105234.511567597,,99.6199417114258,,90.0,6.11978531,29.9,4.501,82.509756097561,5212836.0
Isle of Man,,,-4.16539345213232,88328.548125887,,,,,,,,80.956,84132.0
Israel,4.40997851069803,31.3853280968641,6.26326343841286,54949.621556429,,96.3125686645508,6.45624446868896,98.0,7.34161806,,3.695,82.7,9557500.0
Italy,8.20128991161718,35.0991400412578,4.82117669913565,35653.9042103495,,101.56453704834,,94.0,9.02753067,33.7,8.069,82.7,59013667.0
Jamaica,10.3495688391272,,5.22151985159613,6022.15339791763,,90.7408676147461,5.35435009002686,91.0,7.77706337,,4.083,71.481,2839144.0
Japan,2.49770278172255,21.5464241239166,0.941998775483285,34065.6438962526,,102.158706665039,3.23762130737305,98.0,11.42183685,,2.6,83.9963414634146,125124989.0
Jordan,4.22915568897117,42.5374671563433,2.64743514912058,4332.25159897931,,98.5412673950195,3.16022992134094,86.0,6.82820034,,18.2,77.088,11256263.0
Kazakhstan,15.0278644440851,41.5690089041544,3.19999999970734,11255.3396437881,,100.91126377966,4.45820236206055,99.0,3.74026752,,4.86,73.503,20034609.0
Kenya,7.65986268272224,12.1919692160845,4.85998104287999,2109.56288513137,82.879997253418,,4.51101779937744,89.0,4.32603645,,5.707,63.549,54252461.0
Kiribati,5.34595440908904,7.60658075917655,4.56632593100372,2069.76720110559,,98.4846115112305,,85.0,10.49855042,,,66.269,130469.0
"Korea, Dem. People's Rep.",,,,,,,,67.0,,,2.805,73.641,26328845.0
"Korea, Rep.",5.08951365062842,48.2717642210409,2.61267219187226,32394.6833725203,,99.0333633422852,,97.0,9.43414211,,2.857,82.6804878048781,51672569.0
Kosovo,11.5805104542012,38.6256570148792,4.27849895827543,5290.94747224687,,,,,,,,77.623,1768096.0
Kuwait,3.98064961990313,60.4485945397978,6.75866704650672,39981.7690981957,,,6.58236503601074,99.0,4.26875782,,2.174,80.5878048780488,4589643.0
Kyrgyz Republic,13.9229093174176,46.3372718307792,8.96750520041391,1739.72018344174,,94.1910529601431,7.1688437461853,94.0,4.92258883,26.4,4.043,72.0487804878049,6975220.0
Lao PDR,22.9562225132056,,2.70742652643155,2046.40440255621,87.5199966430664,97.2226134363857,1.46083438396454,76.0,2.01825476,,1.209,68.715,7559007.0
Latvia,17.3102830198815,77.4780077659979,1.80677198008065,20227.2307431581,,99.41796875,,96.0,7.62168407,33.7,6.815,74.2780487804878,1879383.0
Lebanon,171.205491336641,34.8287792460469,-0.621678970663112,3654.35845534878,,,,67.0,5.73500204,,11.6,78.003,5744489.0
Lesotho,8.27180389943028,46.5063823361123,2.38778020186284,1030.12579628833,82.0100021362305,88.6117800268315,6.43347549438477,81.0,12.65127754,,16.688,56.812,2286110.0
Liberia,7.59298486560313,,4.80810517290655,744.617175237387,,67.2317884233233,2.27609586715698,79.0,13.47386169,,2.977,61.934,5373294.0
Libya,4.51030149235703,91.9809235078212,-8.25163004105288,5986.63694851258,,,,73.0,4.65005827,,19.282,74.462,7223805.0
Liechtenstein,,,,186821.881757157,,,,,,,,84.1219512195122,39493.0
Lithuania,19.7050461518394,86.7798492943433,2.53752574011534,25085.784063499,,101.905830383301,,87.0,7.24335003,36.6,5.955,75.6439024390244,2831639.0
Luxembourg,6.33600807777919,222.308456163103,-1.09505351160836,123719.658915996,,99.484260559082,4.70302200317383,99.0,5.55154753,34.1,4.588,82.9463414634147,653103.0
"Macao SAR, China",1.04502802369954,84.3901737400991,-19.6093449325728,36909.9564090312,,84.9676666259766,6.18937015533447,,,,2.482,83.0804878048781,677300.0
Madagascar,8.16059031991844,30.5432948746184,4.15609778380812,503.514533472879,77.4800033569336,138.19226558666,3.13901996612549,44.0,3.25023246,,3.186,63.068,30437261.0
Malawi,20.953969729969,,0.921115069005936,604.269751184515,68.0800018310547,126.426255960703,,82.0,6.50023508,,5.037,66.037,20568728.0
Malaysia,3.37869862549928,76.8501886436659,8.86182187578046,11748.0919307944,96.0,97.7554931318277,3.49933791160583,96.0,3.90591931,,3.93,75.444,34695493.0
Maldives,2.33314337624567,82.6709256667894,13.8260895306814,11786.0091545343,,95.367258247522,4.67344331741333,98.0,9.65276241,,4.419,80.76,524106.0
Mali,9.62147608489064,26.1689671523921,3.5082827896139,969.72220560562,,,4.03505516052246,73.0,3.67284775,,2.387,60.035,23072640.0
Malta,6.15375621933037,128.410459632562,4.26931853012293,36224.2819955817,,93.5346603393555,,96.0,9.52376747,34.6,2.921,82.4487804878049,531113.0
Marshall Islands,,40.8176400947119,-1.11806797853311,6322.82855503156,,105.104331970215,7.54093980789185,81.0,11.73604298,,,66.725,40077.0
Mauritania,9.52526628622843,39.737807822992,6.79600510182286,1960.35240077424,,,2.44024252891541,84.0,4.48389912,,10.531,68.281,4875637.0
Mauritius,10.7737512242898,49.4893047706387,8.69306675264066,10223.7882316574,,,4.84085988998413,98.0,5.82381678,,6.322,73.5146341463415,1262523.0
Mexico,7.8962761916855,42.9460448302063,3.71098893117183,11402.1410374782,,102.004783630371,,86.0,5.72145176,43.5,3.256,73.973,128613117.0
"Micronesia, Fed. Sts.",5.40874375479067,21.7488640698477,-2.90586580595669,3710.12448453257,,91.5278783490224,,69.0,10.34470272,,,66.961,112114.0
Moldova,28.7372976766236,41.2264594544499,-4.60000000000001,5744.29618434435,,106.97324544397,6.11053991317749,84.0,6.96505404,25.9,0.897,71.546,2528654.0
Monaco,,,11.0469394271752,226052.001905201,,,1.17324995994568,88.0,3.39779735,,,85.746,38931.0
Mongolia,15.1479560897226,65.0613511558615,5.0327096366527,4993.51487463495,,95.5634577935822,4.18056726455688,94.0,8.85170174,31.4,6.211,71.9007317073171,3433748.0
Montenegro,13.0403036347004,51.5328616489687,6.40668032879275,9990.20444616996,,105.621368408203,,33.0,10.92241859,,14.851,76.1878048780488,623591.0
Morocco,6.65704202759067,44.8118007632888,1.52720357976111,3455.39624023438,77.3499984741211,114.169990539551,5.91224670410156,99.0,5.68049145,,9.494,75.161,37329064.0
Mozambique,10.2794018093421,49.8269428040417,4.36445074432608,578.251663751351,,121.177581787109,6.16198396682739,63.0,8.77717781,,3.596,63.011,32656246.0
Myanmar,,,4.0374934360085,1158.05005034332,,,,75.0,5.20476246,,3.057,66.506,53756787.0
Namibia,6.08128114112413,40.4584718360428,5.39872476224093,4349.79908493314,,133.527472902537,9.67791175842285,89.0,9.29635525,,19.695,64.19,2889662.0
Nauru,,53.8750427878006,2.9515183463878,12896.4341046481,,94.9424133300781,7.80539798736572,98.0,18.17031097,,,61.93,11801.0
Nepal,7.6507917679853,6.70239086589236,5.6313145568451,1385.91066274851,,118.80395155129,3.61778378486633,90.0,6.65589333,30.0,10.844,70.087,29715436.0
Netherlands,10.0012078753473,96.4436215813729,5.00723455159611,59123.318556487,,104.215446472168,5.05201101303101,89.0,10.10068321,,3.526,81.6146341463415,17700982.0
New Caledonia,,,3.49999999631376,33516.363085906,,,,,,,10.71,77.698,287123.0
New Zealand,7.17222476016441,24.0473873191656,3.49638686458842,48760.0381935936,,96.5572509765625,5.23012018203735,90.0,10.02858067,,3.297,81.9585365853658,5117100.0
Nicaragua,10.4674244465991,49.8957747358309,3.55029945613975,2322.89053964583,,105.435536868371,3.79476308822632,93.0,8.95364857,,4.961,74.463,6730654.0
Niger,4.22621791916392,26.4030742164705,11.9000000000277,609.745147661683,38.0999984741211,68.331413269043,4.10143089294434,65.0,4.35259724,,0.418,60.398,25311973.0
Nigeria,18.8471877843274,,3.25168140827093,2139.37478476974,,,0.348516702651978,60.0,4.27090406,,3.821,54.079,223150896.0
North Macedonia,14.2047173195833,72.785399542204,2.75888415332967,7606.2375253797,,97.4866561889648,,71.0,7.6204114,,14.476,74.4248780487805,1831712.0
Northern Mariana Islands,,22.2627737226277,16.6427546628408,23785.754590043,,,,,,,,78.531,46078.0
Norway,5.76412317852272,55.4998207714937,3.24622860260932,109269.520580298,,98.9667587280273,3.96801972389221,96.0,7.94803333,26.9,3.231,82.509756097561,5457127.0
Oman,2.5061425061425,63.2505019129513,7.98570728354278,23223.5829405935,97.0,90.096809387207,4.19907999038696,97.0,2.9162159,,3.3,77.911,4730226.0
Pakistan,19.8738599646655,10.5405902721041,4.7781068690358,1538.3228133171,,82.6790063159857,1.97444903850555,82.0,2.90434051,,5.485,67.417,243700667.0
Palau,12.3526638378124,13.4632230934489,-1.31842716655024,14392.2011374514,,88.271186440678,3.57620143890381,96.0,14.28555965,,,68.922,17759.0
Panama,2.85965128834711,48.1174394920396,10.769665870619,17332.4360742988,,100.875396728516,3.36693000793457,87.0,8.46561432,,8.086,79.324,4400773.0
Papua New Guinea,5.25323922215241,,5.70758404238197,3102.28968594061,,,,41.0,2.61825109,,2.689,65.274,10203169.0
Paraguay,9.76556667164402,34.3693845850371,0.176038366124061,6205.6259537937,,93.2309494018555,3.39619994163513,54.0,7.73804235,44.8,6.755,72.319,6760464.0
Peru,8.33370630096231,28.8318607701975,2.8090335533015,7350.63034300417,,107.663269042969,3.83315992355347,74.0,6.0930872,40.3,3.85,76.834,33475438.0
Philippines,5.82115811213955,28.3874015457939,7.58098212785563,3548.06930572116,,91.8715546202869,3.57960081100464,76.0,5.15676308,,2.598,69.472,113964338.0
Poland,14.4294507575758,62.3525162455456,5.25545697386036,18891.213529396,,100.594268798828,,91.0,6.39626455,28.9,2.811,77.1560975609756,36821749.0
Portugal,7.83269124233323,49.4816821962014,6.9858417811997,24620.519556875,,109.846130371094,,98.0,10.46883011,36.3,6.011,81.6317073170732,10434332.0
Puerto Rico (US),,52.4505967392135,2.95709565499587,35353.6821570014,,,,,,,6.0,79.427,3220137.0
Qatar,4.99527553740761,68.5984131738821,4.18500970982862,88701.463352273,,94.9849319458008,,99.0,2.18112326,,0.13,81.857,2657333.0
Romania,13.7954887432521,43.3611500953615,3.96530766311717,15557.8826247584,,84.8812789916992,,83.0,5.7490139,32.3,5.614,75.1536585365854,19048502.0
Russian Federation,,27.7203033526803,-1.43588213859842,15619.6142578125,,101.136070251465,4.05402755737305,97.0,6.91986275,,3.867,72.5456097560976,144236933.0
Rwanda,17.6892095588153,22.4780615146911,8.16120720872912,975.469323979541,79.0,148.752487182617,4.74623012542725,99.0,7.8792119,,15.084,67.528,13651030.0
Samoa,10.9618822286844,12.2663826209512,-5.30629089966979,3869.46639492144,,104.122587299249,4.88079118728638,82.0,6.3012085,,5.048,71.55,215261.0
San Marino,5.32545321311365,197.412351319317,7.89844145767604,54264.570495898,100.0,93.9375,3.43181848526001,91.0,7.40650225,,,85.708,33755.0
Sao Tome and Principe,18.0056351122841,,0.168698492216564,2389.73729784737,93.75,,5.15598058700562,82.0,7.46419811,,8.992,69.237,226305.0
Saudi Arabia,2.47407371925369,35.9850098955522,12.0005874752929,38510.2276211037,,102.705947875977,,98.0,4.62462378,,5.589,77.31,32175224.0
Senegal,9.69681899081073,26.6991642240508,3.85043193735768,1574.0281059306,57.6699981689453,83.2787017822266,5.98753976821899,76.0,4.06358385,,2.837,67.788,17651103.0
Serbia,11.9815117344703,60.7493785262136,2.63098644408841,10022.9688543402,,98.8989791870117,3.23938989639282,81.0,9.65742779,32.8,8.439,75.2365853658537,6664449.0
Seychelles,2.6260363285129,90.1216033127767,12.7104688902836,16836.6721895387,,97.7654800415039,4.74013519287109,98.0,4.2375164,,,73.7024390243903,119878.0
Sierra Leone,27.2082883814653,16.7726115326261,5.3135546141915,860.774590932595,48.6399993896484,156.801918077513,8.5391845703125,90.0,7.94752312,,3.175,61.275,8276807.0
Singapore,6.13095418919732,186.114290787201,4.10800021897151,90299.0694637269,,99.5780410766602,2.48891997337341,96.0,4.89702511,,3.591,82.8951219512195,5637022.0
Sint Maarten (Dutch part),,,9.80000111145777,36476.6300833859,,,4.18044137954712,,,,,76.18,42139.0
Slovak Republic,12.7741463637611,98.9901091582711,0.437359508569173,21334.6011006572,,100.326721191406,,95.0,7.73064041,24.1,6.143,76.9658536585366,5431752.0
Slovenia,8.83369886749452,93.9826603175574,2.69923874523828,28373.8382265999,,100.639137268066,,96.0,9.60507679,24.3,4.011,81.2829268292683,2112076.0
Solomon Islands,5.51812928576938,26.2867431210615,2.40248143622522,2005.4139933198,,,8.48737812042236,90.0,4.82369328,,1.483,70.409,781066.0
Somalia,,17.6819185644341,2.72711429582147,573.128092472349,54.0,,,46.0,2.62183189,,19.05,53.931,17801897.0
South Africa,7.03987272546482,33.3714495540545,1.91147996033504,6523.41097815853,,96.1027221679688,6.16726016998291,86.0,8.77086639,,33.268,65.454,62378410.0
South Sudan,-6.68732094212668,,,,,,,72.0,6.76125622,,12.545,57.203,11021177.0
Spain,8.39057634118627,39.7551303881907,6.17931219966114,30270.2687017458,,102.445991516113,4.31587886810303,96.0,9.73828793,33.6,12.917,83.1341463414634,47786102.0
Sri Lanka,49.7211021114327,21.5595624620967,-7.34919301306745,3342.63650253855,92.0,95.9158628635578,1.20397222042084,99.0,4.36269855,,4.528,77.3,22181000.0
St. Kitts and Nevis,2.66817533111249,,10.3424040546025,20985.0112160159,,,3.63147068023682,95.0,5.56801701,,,70.313,46709.0
St. Lucia,6.37814695133351,,20.3884431828414,13103.8243147472,,103.664779663086,3.69847011566162,81.0,5.01938295,,15.934,72.67,178781.0
St. Martin (French part),,,,,,,,,,,,80.236,28870.0
St. Vincent and the Grenadines,5.66009779226552,,3.1108330034352,9693.55867833025,,110.587085886846,7.20952939987183,99.0,4.68767738,,19.417,71.191,102046.0
Sudan,138.80846024176,1.57116183055586,-0.957816591119183,1046.24084472656,,,,66.0,4.61874437,,7.53,65.695,49383346.0
Suriname,52.446027276241,,2.40622235601218,6084.43876736445,,,3.43460845947266,74.0,5.91760969,39.2,8.16,73.254,623164.0
Sweden,8.36929098869189,53.8802781349213,1.45928849980044,55296.9371472535,,116.425392150879,,92.0,10.49857044,31.6,7.392,83.0585365853659,10486941.0
Switzerland,2.83502798644463,76.1397677689787,3.04406102969423,94394.5106803525,,101.363067626953,4.88824462890625,96.0,11.70653343,,4.122,83.6048780487805,8777088.0
Syrian Arab Republic,,6.81012687776418,0.732781301861365,1051.67149587463,,74.367431640625,,52.0,4.15098715,26.6,13.268,72.79,22462173.0
Tajikistan,,16.3531240454317,8.00000033846364,1052.17949484894,,101.345203671337,5.71509790420532,98.0,7.62917423,,11.634,71.562,10182222.0
Tanzania,4.35027204269101,15.4137105201683,4.56600576430955,1207.85302734375,82.0199966430664,88.2558784495081,3.23824501037598,89.0,3.1119566,,2.588,66.879,64711821.0
Thailand,-1.61068030486688,65.3727641914083,2.58037874709827,6909.35281815827,91.0998687744141,105.101107091175,2.61187028884888,93.0,5.35470581,34.3,0.94,75.291,71735329.0
Timor-Leste,7.00530945399787,55.6120534416076,-20.5415847471733,2343.24523350389,,120.849599035731,,72.0,14.32454681,,1.537,67.368,1369295.0
Togo,7.61712548690954,25.5991710804409,5.75954251521733,898.758154410712,,122.478256225586,3.79811930656433,71.0,6.04134083,,1.965,62.29,9089738.0
Tonga,10.9713652903022,11.5596393402516,-2.3098644452046,4933.07466930785,,106.535737282679,5.64619207382202,99.0,8.13607597,,2.302,72.635,105042.0
Trinidad and Tobago,5.82838638517959,,1.08222233950819,20874.37682915,,,2.87970423698425,92.0,6.43106365,,4.383,73.331,1365805.0
Tunisia,8.30646124447623,50.9788319964445,2.67331821840567,3708.8481241036,85.2149276733398,103.912643432617,6.8049898147583,95.0,6.96380186,,15.3,76.05,12119334.0
Turkiye,72.3088359891207,38.5842021809785,5.53342787492781,10674.504157865,,102.487701416016,2.61430358886719,95.0,3.70338893,44.5,10.465,77.591,84979913.0
Turkmenistan,,24.8763820118022,6.19999993621698,8156.35211950774,,110.284736633301,3.73386001586914,98.0,5.37103748,,4.109,69.913,7230193.0
Turks and Caicos Islands,,,14.0871234168153,31280.5418020808,,122.33812713623,4.10991382598877,,,,,77.918,45847.0
Tuvalu,,,0.677309361438304,5911.32727055301,,98.4408187866211,,90.0,18.38210106,,,66.852,9992.0
Uganda,7.1957888597581,12.0219954333331,4.58802192181773,963.067314233497,80.5899963378906,,2.56105017662048,92.0,4.39089251,,2.886,67.675,47312719.0
Ukraine,20.1836366617478,35.4451153382041,-28.7585842155085,4199.6708984375,,92.7711634493634,5.93389987945557,74.0,,,,72.658,41048766.0
United Arab Emirates,5.29122604376849,103.812252335101,7.50969703496445,49899.0652975197,98.0,,,98.0,4.67550945,,2.872,80.487,10074977.0
United Kingdom,7.92204883147902,33.5671944737788,4.83908517877134,46062.9914079698,,102.406127929688,4.95917558670044,90.0,11.05087757,,3.73,81.0112195121951,67604000.0
United States,8.00279982052121,11.6022279170372,2.5123753198332,77860.9112908848,,96.9717330932617,,92.0,16.49613953,41.7,3.65,77.4341463414634,334017321.0
Uruguay,9.10437983075437,33.3316130133263,4.48622703072073,20818.6146091144,99.0,108.822761535645,4.5073299407959,96.0,8.94532204,40.6,7.877,76.468,3390913.0
Uzbekistan,11.4466436998836,23.2670310407511,6.00134232203442,2578.66689394219,100.0,93.9099780290139,5.23477172851562,99.0,7.36325455,31.2,4.49,72.147,34938955.0
Vanuatu,6.67930581887121,9.64841450079906,5.18622862422562,3292.34108821237,,110.520745546126,10.7033452987671,70.0,4.14742947,,5.143,71.302,313046.0
"Venezuela, RB",,,,,97.5999984741211,,,52.0,4.55047369,,5.707,72.566,28213017.0
Viet Nam,3.15650749963129,93.420129043511,8.53750046755788,4147.69777213621,96.0,123.133723768475,2.88738679885864,88.0,4.58891582,36.1,1.523,74.502,99680655.0
Virgin Islands (U.S.),,97.3672945205479,-1.31123206333498,44320.909185774,,,,,,,13.007,80.319512195122,105413.0
West Bank and Gaza,3.74122391852077,18.4362526414651,4.08276027347105,3799.95527015163,98.0,91.7645874023438,,97.0,9.73336029,,24.42,76.662,5043612.0
"Yemen, Rep.",,,,615.702077657755,,,,53.0,6.18666697,,17.363,67.952,38222876.0
Zambia,10.9932039209136,40.1939977114306,5.21122360356247,1447.12310138035,,,3.58259510993958,90.0,5.25592279,51.5,5.995,65.279,20152938.0
Zimbabwe,104.705170628667,27.8721704885775,6.1391761744749,2040.54658705395,89.8499984741211,95.789907037216,,90.0,3.62880659,,10.087,62.36,16069056.0
